{"cameraMode":{"drawMode":0,"name":"Shaded","section":"Shading Mode"},"sceneLighting":false,"audioPlay":false,"sceneViewState":{"showFog":true,"showMaterialUpdate":true,"showSkybox":false,"showFlares":true,"showImageEffects":true,"showParticleSystems":true},"in2DMode":false,"pivot":{"x":-0.41499999165534975,"y":-0.13000009953975678,"z":0.7900000214576721},"rotation":{"x":0.02985011599957943,"y":-0.8434737920761108,"z":0.04712635278701782,"w":0.53426593542099},"size":0.05715765431523323,"orthographic":false}