{"cameraMode":{"drawMode":0,"name":"Shaded","section":"Shading Mode"},"sceneLighting":true,"audioPlay":false,"sceneViewState":{"showFog":true,"showMaterialUpdate":true,"showSkybox":false,"showFlares":true,"showImageEffects":true,"showParticleSystems":true},"in2DMode":false,"pivot":{"x":142.6699981689453,"y":12.640000343322754,"z":120.72000122070313},"rotation":{"x":-0.010105358436703682,"y":-0.9834917783737183,"z":0.1710759848356247,"w":-0.05809346213936806},"size":4.041658401489258,"orthographic":false}