{"cameraMode":{"drawMode":0,"name":"Shaded","section":"Shading Mode"},"sceneLighting":false,"audioPlay":false,"sceneViewState":{"showFog":true,"showMaterialUpdate":true,"showSkybox":false,"showFlares":true,"showImageEffects":true,"showParticleSystems":true},"in2DMode":false,"pivot":{"x":142.6699981689453,"y":12.640000343322754,"z":120.72000122070313},"rotation":{"x":0.13160176575183869,"y":0.3424864709377289,"z":-0.048516545444726947,"w":0.9289941787719727},"size":4.041658401489258,"orthographic":false}