{"cameraMode":{"drawMode":0,"name":"Shaded","section":"Shading Mode"},"sceneLighting":true,"audioPlay":false,"sceneViewState":{"showFog":true,"showMaterialUpdate":true,"showSkybox":true,"showFlares":true,"showImageEffects":true,"showParticleSystems":true},"in2DMode":false,"pivot":{"x":145.66580200195313,"y":12.716693878173829,"z":124.46922302246094},"rotation":{"x":-0.11709938198328018,"y":-0.8286607265472412,"z":0.18887905776500703,"w":-0.5137449502944946},"size":5.46950626373291,"orthographic":false}