{"cameraMode":{"drawMode":0,"name":"Shaded","section":"Shading Mode"},"sceneLighting":false,"audioPlay":false,"sceneViewState":{"showFog":true,"showMaterialUpdate":true,"showSkybox":false,"showFlares":true,"showImageEffects":true,"showParticleSystems":true},"in2DMode":false,"pivot":{"x":0.3139999806880951,"y":-0.21150007843971253,"z":0.5608217716217041},"rotation":{"x":-0.14238911867141725,"y":0.819341242313385,"z":-0.23101553320884705,"w":-0.505012035369873},"size":0.8290359973907471,"orthographic":false}