{"cameraMode":{"drawMode":0,"name":"Shaded","section":"Shading Mode"},"sceneLighting":false,"audioPlay":false,"sceneViewState":{"showFog":true,"showMaterialUpdate":true,"showSkybox":false,"showFlares":true,"showImageEffects":true,"showParticleSystems":true},"in2DMode":false,"pivot":{"x":142.27000427246095,"y":13.319999694824219,"z":122.43000030517578},"rotation":{"x":-0.1905084103345871,"y":-0.7402644157409668,"z":0.23486340045928956,"w":-0.6004617810249329},"size":22.0,"orthographic":false}