{"cameraMode":{"drawMode":0,"name":"Shaded","section":"Shading Mode"},"sceneLighting":false,"audioPlay":false,"sceneViewState":{"showFog":true,"showMaterialUpdate":true,"showSkybox":false,"showFlares":true,"showImageEffects":true,"showParticleSystems":true},"in2DMode":false,"pivot":{"x":142.6699981689453,"y":12.640000343322754,"z":120.72000122070313},"rotation":{"x":-0.08743193745613098,"y":-0.9124712347984314,"z":0.28949955105781557,"w":-0.27557578682899477},"size":4.041658401489258,"orthographic":false}