{"cameraMode":{"drawMode":0,"name":"Shaded","section":"Shading Mode"},"sceneLighting":false,"audioPlay":false,"sceneViewState":{"showFog":true,"showMaterialUpdate":false,"showSkybox":false,"showFlares":true,"showImageEffects":true,"showParticleSystems":true},"in2DMode":false,"pivot":{"x":142.47891235351563,"y":13.408076286315918,"z":122.08590698242188},"rotation":{"x":0.010471670888364315,"y":0.9883787631988525,"z":-0.1285237967967987,"w":0.08053364604711533},"size":0.8660253882408142,"orthographic":false}